{"cameraMode":{"drawMode":0,"name":"Shaded","section":"Shading Mode"},"sceneLighting":false,"audioPlay":false,"sceneViewState":{"m_AlwaysRefresh":false,"showFog":false,"showSkybox":false,"showFlares":false,"showImageEffects":false,"showParticleSystems":false,"showVisualEffectGraphs":true,"m_FxEnabled":true},"in2DMode":false,"pivot":{"x":0.5272198915481567,"y":-0.0968019962310791,"z":-0.5447254180908203},"rotation":{"x":0.010240111500024796,"y":0.9834073781967163,"z":-0.17134064435958863,"w":0.05877372622489929},"size":2.2372312545776369,"orthographic":false}