{"cameraMode":{"drawMode":0,"name":"Shaded","section":"Shading Mode"},"sceneLighting":false,"audioPlay":false,"sceneViewState":{"m_AlwaysRefresh":false,"showFog":true,"showSkybox":false,"showFlares":true,"showImageEffects":true,"showParticleSystems":true,"showVisualEffectGraphs":true,"m_FxEnabled":true},"in2DMode":false,"pivot":{"x":29.488082885742189,"y":1.2374111413955689,"z":74.12110900878906},"rotation":{"x":-0.15773171186447144,"y":0.7517663836479187,"z":-0.19425854086875916,"w":-0.6102301478385925},"size":2.9213874340057375,"orthographic":false}